,Actual value,Predicted value
1490,0,5.600402010886158
1754,0,0.6108851785281857
1524,0,0.7814020186260962
665,20,21.849770745124317
4235,0,1.489285500505476
299,0,-0.4499117242707138
1820,0,0.1682214712029868
558,0,-0.31816236867176206
2656,1,-0.21024829884928975
5015,0,3.318622721195011
5407,1,1.4782909204467005
5967,6,1.714103248115718
4297,2,2.5675748238784664
2582,0,-0.20180019096157698
3332,4,7.5224121303632305
1745,1,-0.08991412464922055
5655,237,83.6725769911391
1444,0,0.08644104081434678
755,0,0.9616925536378398
608,1,0.848517317911142
2020,0,-0.09524581237750418
1926,4,7.23931187704143
3982,0,1.4889312187208548
3664,1,2.1105985598674897
496,0,-0.2031585624252943
3393,0,2.072134344310818
1913,0,-0.09355623631157828
4544,2,2.7047112175555323
4207,0,1.524824822205316
1960,3,7.071449973678362
89,0,-0.28492371559864593
1813,1,-0.09998439869180853
526,0,-0.20799841550681664
5963,0,1.51055531738003
3487,0,1.827008966015235
5966,1,1.9706029946758656
1072,2,5.396853541725457
5778,12,3.5247481440378623
510,0,5.6560322806122
2275,0,0.0025324142360250157
4509,1,1.5267071872138303
144,0,-0.20397141049456868
5931,0,1.4786086885783156
1665,0,-0.09351729341981763
557,1,-0.42322292073061973
2412,7,5.883765919412005
2605,2,-0.4386412795702068
945,0,0.4453107381664809
3084,0,1.1490846430570079
833,0,0.7623112108623027
4651,2,1.3794556657955246
1627,4,-0.0636902828147008
3106,0,2.513691367576219
2946,5,2.0183100114897377
2121,257,159.1025102699315
2712,0,-0.13748144590370281
507,0,-0.19982427438144845
1223,0,6.439136259885409
2875,0,-0.46591832604677075
1109,0,0.2697861272262312
4249,0,1.4889432886714289
5420,1,2.750936791973097
5899,3,1.714103248115718
189,0,-0.21213289317530326
194,3,6.71645757118382
3890,3,1.7424816277217383
2370,0,-0.45140575071718425
486,1,0.061116483188877746
173,0,-0.18390656562075214
1633,2,2.8789224975335364
1093,0,0.4947484116135934
3146,0,1.120999587880171
3163,0,1.1279265688221427
1228,0,0.3704723192685089
82,0,-0.20760600688257802
766,0,0.26386483004145855
5607,1,1.4889312187208548
4821,0,1.1778052344970749
3040,0,1.1529951040867492
2911,2,-0.1946741684426594
2122,0,0.08221979556797088
4071,0,1.4857416950122135
5216,0,1.8675114220274924
5923,0,1.4786331322807476
337,0,-0.02891069854115802
5103,0,2.380223815716132
391,0,-0.451300991992476
3879,0,1.4924312228448469
2881,0,5.756341434254207
1602,0,4.667254143358805
3969,3,3.97935482020448
3455,1,1.8355228897358948
1499,4,2.379491384700435
3931,1,1.7556323396301172
2515,1,-0.5167442986771036
3940,0,1.4782420330418367
2508,2,0.30398871374258185
5911,0,1.4786715438131406
2225,0,-0.09783684483528887
5551,0,1.5068154309079445
5468,0,1.9717241596968362
2887,6,4.154789789406052
432,0,-0.451035603223215
485,1,-0.1660827794297326
21,0,-0.20681464191761312
3477,1,2.1242325284295465
4203,0,2.321191809527016
2648,0,0.29745283203952066
3820,0,1.5810787395387562
4462,0,1.4820442433893795
3754,1,7.986035991598683
4677,0,1.370584195890837
4707,1,1.481922471465067
4949,0,1.4971108924696637
5881,2,2.2837526162858737
4833,0,1.5937496591141196
5811,0,1.7636662710965059
1635,0,-0.09362554410201618
5402,0,1.7282002805039616
5754,0,1.8541577880118738
4077,0,1.7743011795337829
2920,0,-0.4537418702781788
34,0,-0.49727671191201517
3354,0,1.8073868217167233
4532,0,1.1778052344970749
2063,0,-0.06861288015725453
355,9,6.894422731833243
1684,0,-0.09463175921858324
5435,1,1.472511730800294
2201,0,-0.09360459235707452
1105,0,0.26269153232472586
261,0,-0.23675071925707192
105,0,-0.4654517702630929
4711,2,1.6107644310208218
2216,0,-0.09792763573003604
1068,0,0.2674505390246047
3339,1,1.8398349258770184
4346,0,1.7530313626592289
2266,1,6.823289552964361
897,0,0.2592414783243333
1730,0,-0.06946491778488184
433,0,-0.2154521506704523
1357,1,-0.0774883733788001
3144,0,1.156462086515225
2374,0,-0.27250547960257343
3769,0,1.7670564304601966
4492,0,1.7848802166512154
473,0,-0.1743359261920494
3465,1,1.8504977699742176
1060,7,9.346876107596893
5498,0,1.4889312187208548
5859,3,2.2269783972863824
4104,8,4.5092256302816
3942,0,1.4817893304925893
4883,0,1.1209192728578947
4518,0,1.3698650993144321
2540,0,-0.4683457678618801
5066,0,2.2109462786998035
4946,0,1.1194945542018622
3724,1,1.767049446545216
5090,0,2.1476077109779608
1585,2,0.6098203019170438
2039,1,0.4008743933954486
3986,0,1.498579497266487
3557,0,1.87878535868549
5775,0,1.7271317415119372
3605,2,2.085750017924771
5561,0,1.987114582876501
5064,0,1.8393704955308117
3710,0,1.4675023658798514
1526,0,0.14775131259370644
2489,0,-0.41988164877179335
3864,4,2.4980471980985275
3130,0,1.1244595863936668
2442,0,-0.26679073926909536
2989,0,-0.467199874445702
986,0,0.6165166137434017
3693,0,2.0851389253639727
3077,0,1.3705876878483272
1185,0,0.5166080655027203
1212,0,6.1777064007083595
3816,0,1.4786051966208253
990,0,3.2571900187441525
1139,0,0.26390673353134186
2812,0,0.07577543604028003
5270,1,2.338798116406423
3718,0,1.545001125026046
581,0,-0.45126258046008294
3598,0,2.099942699685272
1539,0,0.12678825661892867
5819,0,1.514175945938078
1280,1,-0.07928969208441483
1027,0,0.309640445665317
3740,0,1.4779591844851243
4556,0,1.4272711159530713
5848,12,4.702364567098144
871,1,0.5262174011565923
1375,0,0.01837193341191634
1959,0,0.14914756423044873
1102,1,0.7571431137766944
3814,0,1.854273022609053
2289,4,2.682233075110034
5679,0,1.476537957786582
5978,7,4.107985857764616
1351,0,-0.09347538992993432
3973,0,1.4820861468792628
709,0,0.2782251257614923
3135,0,1.1566087487298167
162,0,-0.3148176047554456
308,0,-0.0030362991222581126
4877,1,1.6146096075769831
1625,1,0.15556098075475777
1929,0,1.1571692515283374
4311,0,1.592216489854633
2637,2,7.234574208025107
74,2,0.024236249812771504
3495,0,1.9528840139548915
946,2,0.5112000860690191
4861,0,1.1524713104632078
2509,6,1.0841129935903973
4230,3,1.485896707661805
3645,0,2.085220606906269
4215,1,1.5887683337336274
365,0,-0.43631024604480584
4703,0,1.1211287903073113
2022,0,-0.06621170368076434
5809,0,1.507081351036573
1332,0,-0.09521787671758197
136,0,-0.28835927040970954
825,0,0.26693722127353414
2733,0,-0.18903494178863967
5534,1,2.0380739146287232
5114,0,1.8640828511314096
1987,3,4.747955922907901
1699,4,2.674143803683167
598,2,0.26815887503576263
1400,0,-0.3598987650835581
3962,12,4.481029079131668
2741,0,-0.18903494178863967
620,0,0.5772274610583734
1521,0,-0.09873776986778005
3502,0,1.8469504725234644
3784,3,2.961918037486848
217,0,-0.44181653164760304
5612,0,2.04110197313216
1482,1,0.2991177835902672
4140,0,1.4592807038696387
1455,0,-0.062024619091839206
3437,0,2.0638170329283483
4796,1,1.6009734564427642
3550,0,1.834740691258073
2491,0,-0.29795061491676167
1870,0,-0.12599948199436373
4477,1,1.9774985480004248
3026,0,1.401291957809463
2593,0,0.04170142710102809
2226,0,-0.09344047035503156
1349,0,-0.16378595399663887
3534,0,8.346959398305787
4259,0,1.4645312414149947
5151,0,1.826967593884719
1200,1,0.5402075493826564
4359,0,1.909112450492339
5844,0,1.4763808196995196
3076,0,1.4509820577799197
5517,0,1.7421485252401432
1560,1,-0.09412489402312563
1784,0,0.15604636284590612
1955,2,0.42231584754639373
2956,11,3.5440281213989344
47,0,-0.4376006762381046
2815,12,10.443890092160908
5423,0,1.5328547303548472
2905,0,-0.44977553792859304
1282,0,0.07684028315355906
5312,0,1.8999853364102384
779,8,2.4257730771044352
159,0,0.03386198253535877
4157,1,1.5212775247545638
4851,0,1.2485661097651404
2069,0,-0.11171737585913544
2923,2,0.026123804736907452
1535,2,0.7502013784504813
4632,1,1.3815258652278901
4749,0,1.4202289004139201
6,0,-0.17082704027369
5992,0,1.5026360891514519
260,0,-0.29607543374448353
1023,0,0.4944775758727644
985,0,1.0066288842588973
5288,0,1.8575120498534456
3601,9,5.821009237680953
867,2,1.2615223303735172
3062,0,1.4514634165542102
5105,0,1.8743999914370715
5867,0,1.4592807038696387
4393,0,1.8398778073141164
2375,0,0.28878763429335175
5336,1,2.092816677166354
361,0,-0.45137432309977177
2472,1,-0.21540136538620147
2144,7,6.9898215518830025
5604,0,1.5531612983214527
3280,0,1.839412399020695
2418,0,0.03216430270102544
4118,1,1.7494840652084767
2889,0,6.772820946394829
73,0,-0.48131436662139704
663,52,7.29928187430796
3421,0,2.3738171364402127
1720,0,-0.026031342918263256
1287,0,0.8728821013386785
5898,0,1.9416431284902722
4702,2,1.330349500751903
1876,2,0.6439889355360009
358,0,-0.0039323656772396465
1638,1,6.163218754866751
2421,1,0.5503158567741879
5343,0,2.121212516559825
1973,6,1.392470386883756
4603,0,1.731412796623495
4528,0,1.4448297600414217
1654,0,0.42811623560433354
3361,0,1.821459410402535
2441,0,0.07616628861259889
4624,6,1.9032673982676478
4868,1,1.7420546889757524
3727,1,2.0273167876792866
2734,0,-0.24224440354992716
2107,0,-0.0631626934323859
5259,0,2.1163976385401027
3259,1,1.8634058112208063
4436,0,1.4770757192400845
2922,0,-0.5002029722888663
387,0,-0.4520936663427686
5325,0,1.8929745484884997
5910,5,2.7253270032974983
100,0,0.09628453754132171
388,5,7.033230672928365
1075,22,10.62310032607101
5432,0,1.7279209239047395
2735,0,-0.21031872649315453
4779,0,1.1778052344970749
375,2,-0.06704479132286534
5900,0,1.478713447303024
3788,1,2.9866518761917558
3620,0,1.893284269986399
5297,2,3.098604821055794
754,1,0.5056728487212796
623,33,25.18817428685312
5558,0,1.698649381207169
1515,0,-0.093433486440051
4913,0,1.3776927586223024
442,0,-0.4190889744215007
800,0,0.49875771017179815
4657,3,1.928098480422916
1366,0,0.11490275317545673
1237,0,-0.09408997444822287
5251,0,2.085722082264849
1718,0,-0.07446001107407962
2821,1,0.5188224235287575
5674,0,1.7954802055135897
5557,0,1.980976006301372
5935,1,1.4752548153095475
1650,6,8.226435931648018
1446,0,-0.09064743572217848
1688,1,0.19151933735343096
377,23,9.127140146471572
3967,0,1.4915461635217033
1224,1,0.6198718535321897
1510,1,0.16904426378536463
5755,0,1.7565681842375112
3847,0,1.976823784152658
2569,0,-0.36639981432626456
264,0,-0.45359171610609694
1057,1,0.7568253456450793
5857,4,2.1631209706617076
5100,0,1.8743999914370715
1508,1,6.012634329861612
735,0,0.431057099050542
4778,0,1.2131105950450665
5765,6,11.655219953373177
1975,0,-0.06623888042323456
5010,0,2.1318264732521603
2642,0,-0.10901812035598124
5883,0,1.7530173948292678
4247,1,1.9793366841603293
5385,0,8.00301074633402
5275,0,1.8358755774424127
3340,1,2.3301573623626854
1086,0,0.46356001181194584
3771,0,1.4787204312180044
4069,1,1.9918832874228904
3338,0,2.1044325409656226
4908,0,1.163640488396497
1742,0,-0.061577648533083895
2729,0,-0.14292007492885705
4618,0,1.156322408215614
5024,3,2.441870916330913
4513,0,1.2016131731076913
2512,1,-0.5167442986771036
5173,0,1.8534758783540548
5472,0,2.2860761536454337
937,3,0.24217279011186488
4395,0,1.7276453059296002
4987,5,2.570765363560506
4940,0,1.3197425279745483
1892,0,-0.09679624150318666
1948,15,6.65219560487955
2180,2,0.6832442313648626
1550,0,-0.08678586209730144
5106,3,2.345749541050827
2455,4,0.5388907032253729
5882,0,1.9774706123405026
2004,0,-0.09348935775989542
4678,53,36.78501076907439
618,0,0.2753117704958665
2241,0,0.13576152465020241
969,2,0.7737667293097945
5985,0,1.7351901166807586
2119,3,1.6381859059951962
1145,0,0.2745521178410897
5568,0,1.725420682341702
3970,0,1.4676474340163397
342,4,3.2318243080179316
5993,3,3.2246568493633827
2081,0,-0.09371284303927307
5810,0,1.4964394586843155
3268,4,1.6149099159211469
146,0,-0.43687434908012723
543,0,0.02588984358505897
3401,2,2.5265999947663147
2954,0,-0.3175477841534735
4539,0,1.1778052344970749
4169,0,1.4805644885741538
4357,0,1.8518039619968354
734,0,0.23319656148246892
2571,0,0.00421892582379968
1296,0,-0.08990714073424
1780,0,0.043825115359820366
4422,1,1.7278406088824632
3665,0,2.8259764817655144
2409,0,-0.19194262252461236
4074,2,1.9783779899286067
3855,0,2.002727959976176
2666,5,0.7754706730481917
645,0,0.2640638716184043
4080,1,1.499958820475146
30,0,-0.45774365356203495
2145,5,3.666146458318451
390,4,6.679808255279989
3590,1,1.8633490086990836
3141,0,1.8724722993855818
1491,0,-0.094059078190178
2604,0,-0.44758957253968035
4321,2,1.464457910307699
5901,0,1.4645242575000141
5905,1,2.2483739246305863
5315,2,2.5840567204460045
3822,0,1.4785458333434907
2040,1,2.4089793716277104
5295,0,1.8232311993701238
4953,1,1.9107496004505737
4022,2,1.7211978430172232
1592,1,-0.036429329605569105
4373,0,1.9705600284672466
3807,0,2.737161551033327
870,1,0.5121888413981344
51,2,0.4594580834753321
3832,1,1.795584964238298
3480,1,1.868139974375742
2369,0,-0.45489421624996984
193,0,5.971770655584608
1253,0,0.21885711362734916
4656,3,1.6102621205015897
2320,0,0.15601144327100336
268,1,1.5168481734753985
3079,0,1.3705876878483272
140,0,-0.2386971060991745
1358,0,-0.0979157933375463
2147,0,-0.09478487398878777
742,4,6.834041015083979
4273,1,1.9635935732741463
4409,0,1.4811747459743008
2270,0,0.16097672212940006
1386,3,9.784423355274258
1311,0,0.4817125266210822
5722,0,2.2625037511562613
4432,3,8.622204644476641
1361,0,-0.08428615189363153
17,0,-0.4518492293184493
1467,0,0.15442609457041812
3803,2,2.468880698818441
2125,0,0.40457639969450865
1369,0,0.6260459676741439
1853,1,-0.0959092843006566
381,0,-0.4652527286861472
66,1,-0.0169986809402789
925,3,1.764560103934707
3101,0,1.1423811473944139
2895,0,-0.4273009957198941
3692,0,2.05735068657381
3232,0,1.1672436571670937
123,0,-0.22096061884541207
5025,0,1.8362003294890084
2167,0,-0.04398083957893251
1247,0,-0.10118563206846343
1716,2,2.145166630922274
1932,0,-0.07929075480315007
1385,0,-0.07926175642449262
5452,0,1.6335513982695957
1458,0,-0.05847732164108699
1392,2,0.4157246258828562
1323,0,5.8424144003305685
517,1,0.045319095060953885
3115,0,7.361557093313008
265,0,-0.41199437951999585
1787,5,0.16096896018845985
2649,0,-0.1945868695054025
3110,0,1.1388198821137
2984,7,7.020467044945228
5062,0,2.0561816588405275
761,0,0.5217464064637332
3002,0,1.1174901706024438
2231,16,5.512931806051136
1589,0,-0.09526327216495556
2820,0,0.06250385303125272
1160,0,0.5261343722027854
3060,2,1.363485046313106
4512,1,7.290495320035205
311,0,-0.46201431757264233
4725,0,1.3516367774139084
5076,1,2.0855789120077475
61,1,18.582466710062484
4442,0,1.5993110847561383
1,0,-0.46205622106252564
1935,0,-0.06158463244806445
5619,0,3.25848807249111
4801,1,1.3684919819947936
3840,0,1.6612453542075216
611,1,0.7619544998389274
2392,0,0.8697655201645293
1595,2,5.492879600932433
5688,1,1.7954802055135897
27,0,-0.4516152681666008
3456,1,1.8928348701888886
5002,0,1.3811527571357987
3155,3,2.139636009896355
5035,0,1.84337523941279
4364,0,1.4785353574710198
4635,0,1.9518827533570602
3031,8,3.154352330170979
2994,0,0.07758349199428327
3405,0,1.8363015962562264
1019,0,0.43349957141434814
810,0,0.4417634407157278
4033,3,8.06168925062551
3281,0,3.548340159388786
2269,2,0.3948612425971936
4538,1,1.3811876767107014
4019,7,9.25240704307314
1559,2,0.3858877470078359
1628,0,-0.08750171338280799
31,0,1.131828847302029
1112,5,3.252046365360976
2131,12,1.8592978515476042
3261,6,5.126226047760959
3319,4,3.42721174439715
5563,1,1.740601588071951
5974,0,1.946905982652794
4224,11,5.733881453775936
951,0,0.5455287612384687
4369,0,1.4809931641848064
4648,0,1.380929271856421
2123,1,-0.08001601924239221
5411,1,2.005122664788545
3379,0,2.222991159937192
817,0,0.34379748355837547
5661,0,1.4785912287908642
1832,1,-0.23633164988315802
242,0,-0.45150701748440225
3910,0,1.4911112629135226
4042,2,2.4645949471244455
1449,0,-0.07266651144409675
2478,1,5.960792286577191
1127,0,0.26292200151908407
672,0,0.26403593595848207
5085,0,1.8296110057048578
5902,1,1.7506251192556537
2483,6,0.7780838533475447
3798,3,6.991413440676363
5124,3,3.3268812006595123
1140,0,0.3368006634665983
5627,2,3.2251108038371186
4769,0,1.1989109293695859
1227,1,0.5339784285793723
4281,0,7.404906602972398
827,0,0.26379499089165304
4581,3,2.203537617934783
3554,5,4.330953426901209
2545,0,-0.44474765050196363
2029,1,6.078932103412622
4975,1,1.8933862212889032
3901,3,4.97084119649057
5554,0,1.6741643066447223
3463,0,1.8504977699742176
3845,0,1.4777426831207272
2577,0,-0.11107122093687072
4425,0,1.6451326271867375
3398,0,2.09877638588352
228,0,-0.37748169332229686
5147,0,1.8358266900375488
116,0,-0.4510390951807053
1399,2,0.5432786227010826
587,0,-0.42974832656120965
3270,0,1.1208913371979725
3322,2,2.1017195746884543
1463,0,-0.026621483734119877
4195,2,2.7218979010420474
2722,13,11.499770138690272
1664,0,-0.09414933772555756
63,0,-0.5022696035205425
3533,3,3.831508346238145
2221,5,1.8664029985647792
826,0,0.26375657935926
5676,0,1.4856858236923691
339,1,0.04086092806460728
5479,0,1.4786750357706309
4165,0,1.5176743559839667
919,1,0.2626985162397064
235,0,-0.11496422217916047
5812,0,1.7388456648137094
416,0,-0.41554516892823856
281,0,-0.45124861263012184
3958,1,1.7618853727764652
1989,1,0.1553270196029093
727,5,10.803682892366957
2279,0,-0.08674395860741813
4649,0,1.1424230508842972
2419,0,0.025495252388657796
1073,6,2.0045947395688355
4517,0,1.191411267399209
5409,1,1.5122787503021229
5944,0,1.5168153344413589
2096,0,0.15766959171951722
5670,0,1.7530173948292678
1276,3,0.622005469056611
3815,0,1.477690303758373
4363,0,1.6097225079140371
1303,0,-0.07443101269542174
2132,0,0.16663238387831925
4094,9,10.698653354779262
2973,4,0.7620586528221018
1829,0,-0.05087639290349211
241,0,-0.4542202684543466
5419,0,1.4785353574710198
1748,0,-0.09344396231252183
3216,0,1.8119405637031605
5586,0,1.5212705408395832
4255,0,1.4740165369205185
4666,19,12.09560117630805
467,0,-0.277717378057452
885,1,1.2339917375201823
2426,0,-0.45077423777081194
4181,1,1.4848791815121154
4964,13,4.063126397643201
3161,0,1.1566087487298167
3425,1,1.8573618956813638
943,0,0.2818667060644824
3672,5,8.346959398305787
2615,0,-0.3765248969699613
483,0,0.30073071740415447
2913,0,-0.4513428954823593
3588,1,1.8184786452258583
3209,0,1.1707804787453755
2868,3,0.28255264942851355
1703,1,0.15604636284590612
4234,3,1.7100023235021151
4810,0,1.1211183144348404
5403,0,1.7979806937432197
3093,46,34.41488860309145
4219,0,2.213468013756505
3001,0,1.1494158476592164
13,0,-0.44594888387861853
5885,0,1.8627566385657275
2074,0,-0.09309552548094624
287,0,-0.46220341463648484
5340,0,1.9285138701883398
5488,1,1.4819325007496906
4931,0,1.7335877547805687
2373,0,-0.21701464974670892
764,0,0.26360293322968786
5342,0,1.887201583839622
3482,0,2.108217348660405
2995,0,0.43314781490970855
275,1,-0.4514965416119314
1793,1,-0.05087639290349211
5129,5,6.309901622808402
4874,3,2.4701844616023045
2543,0,3.3592739474166358
4143,0,1.4893518476977912
4039,4,1.9777827630771565
3351,0,2.0852775409448485
3136,0,1.432260307154532
253,0,-0.1512508227819198
4601,1,6.5314376061507815
87,0,-0.21418728403301257
2239,0,-0.11758037248530862
572,0,-0.4555004503332587
3873,1,1.9884246554294136
3889,2,2.2111794150803554
16,0,-0.4307647137489643
5710,0,3.9693699472197626
2684,0,-0.4404146626158991
4956,0,1.370381662356401
3162,1,1.402527332735061
1006,0,0.3101333430308131
2207,0,0.07130004651440136
3083,0,1.2346492926463717
2653,0,-0.4118842309584103
5545,0,1.987114582876501
4710,5,2.347624590706248
808,0,0.2206862443148303
4338,1,1.4715793781503903
4216,0,1.4661668440404627
2705,142,75.58328027199144
5091,0,1.875255521022189
5083,0,1.9179018113753914
3817,0,1.477690303758373
5580,0,2.022017590287151
1376,0,0.6422778763657657
5703,0,1.7908756229692435
4270,1,1.7274774453034745
2848,0,-0.18380180689604386
5307,0,2.334517507882712
126,0,-0.18194034688713456
5709,0,1.7316078996551036
1128,3,0.9798606008571777
5205,0,2.342373349517098
784,0,0.5242554524064245
966,0,0.7615010767245587
625,0,0.49576906878479843
2552,0,-0.4439305324492391
121,0,-0.2990011627619671
5273,0,1.834272768954376
1182,0,0.26403593595848207
666,1,0.2641441866406806
995,4,1.9646956332849435
1120,0,0.3878311437539539
4994,3,8.712929374015758
2469,1,-0.21282779271586816
2736,0,-0.30609575766347197
1645,15,7.585129234778657
5246,0,2.0988085915268924
1950,0,0.15594160412119784
4938,0,2.3800308485113506
4731,18,7.959828931606555
249,1,-0.2528456255544296
4935,0,1.6263310461531035
1817,0,0.665732007416437
1036,2,0.5156523318691209
2831,0,5.47820952329266
1134,2,6.026334505172446
1762,0,-0.09344396231252183
1903,0,-0.054423690354244325
5984,0,1.5389546487309915
314,3,0.7957071551984001
1380,4,18.69056104189977
4758,0,1.3676404757265344
2154,0,0.17154936382591135
1083,0,0.24930549274447955
822,0,0.5308786330467425
4401,0,1.47587797782092
1530,1,0.23703153833061474
2396,0,0.047784417049088646
2703,0,-0.42973246085186156
895,0,6.77480548064773
1391,4,6.452693798159546
325,0,0.5428889945517388
884,3,0.7589589316716379
1614,0,0.40464973080180444
1124,0,0.4798728431284114
3824,1,1.9090565791724945
1546,3,0.4013742746759257
1516,0,0.06451822788911121
1018,3,5.604521230220469
2882,2,6.59136382258839
4774,0,1.6183363042450676
181,0,-0.45852585203985674
545,3,-0.18101575617817134
5400,0,1.4600964554023443
236,0,-0.44786194522392186
1407,1,0.40350436874499396
1862,0,-0.09066140355213959
4629,2,1.3756325037030397
2612,1,-0.9227004086483799
4881,1,1.5677068677097257
903,0,0.2671467387229507
258,0,-0.41554516892823856
5933,0,1.852331247577867
4985,9,3.920054996007348
2625,0,-0.45184224540346873
187,2,0.27372657497119945
2348,0,-0.06798835112586277
1244,0,1.1766492882884831
5962,2,1.9810493374086677
5591,0,1.7600456425384579
4079,1,1.728193296588981
4400,0,1.7281479011416074
1740,0,0.15598699956857143
796,2,0.2851940101933472
1063,0,0.26298136479641876
1497,0,0.9132464159947373
1420,0,0.15462513614736384
408,0,-0.45109845845804
2953,0,-0.4555821318755542
5662,0,1.4785912287908642
4291,0,1.4882057267235287
5043,1,2.146926532600765
3570,0,1.8362736605963041
3518,0,2.32344339082762
3279,0,1.850796484240277
1271,0,-0.09168803905428069
2638,50,15.7936501124466
5982,0,1.51055531738003
1427,0,0.15181411036769177
1980,1,5.941417299610655
4527,1,1.3776927586223024
4159,6,4.717970656481555
2526,6,0.3311134806095928
1013,0,0.24925098794465406
3041,0,1.1206992795360073
2997,1,-0.47535010322800586
4630,2,1.3733492948637673
616,6,12.628668357403134
4200,0,1.4999937400500487
5774,69,19.694195459776424
2156,0,-0.09518644910016949
4765,0,1.1778052344970749
2025,1,-0.11851948149210845
224,1,-0.22421908940851565
886,0,0.26374959544427945
4637,0,4.9314208811597116
617,0,0.5296188144187131
1671,1,0.4865218634890427
2317,0,6.577719101989409
5927,6,6.01880178723327
1067,0,0.27058927744899464
4588,1,1.7874284828216367
4884,0,1.1778052344970749
3383,0,2.085068023495432
2710,0,-0.43221417990871225
3571,0,2.336424951833054
2453,0,-0.4551910326366433
2861,0,-0.46591832604677075
4053,0,1.5425613094590784
2659,11,6.136803542021186
15,0,-0.11480004304242608
4416,0,1.6974027523831405
474,0,0.04200173544519181
3636,1,2.084887504424673
4969,3,3.1648147090365217
3526,5,5.361004526593737
1121,1,1.4358149450569577
4481,0,1.5353898914927875
1563,0,-0.09438329887740604
3739,8,3.724189532764986
2395,0,0.2919529989923362
928,0,0.3523167971159129
3391,0,1.853301280479541
713,0,0.2641302188107195
3516,0,2.11763029953417
4123,1,1.5212775247545638
640,0,0.44846397578020003
1783,3,0.5708000299587663
530,1,0.9947882838099664
389,5,0.0658666675721078
1064,2,2.002094498005798
2565,0,-0.38058900412927454
2538,2,-0.42648387766716955
1938,0,0.20218326327787395
5762,0,1.473157742935995
185,0,-0.4092711840369485
5650,0,1.6410999476448365
4059,3,2.2308203856863367
5842,0,1.514175945938078
3579,0,1.8486959199092352
1099,0,0.2346161941029079
1895,0,0.7331984118907666
2030,3,5.995212195025174
3691,2,2.5782385879078378
176,0,-0.44433666223684676
5210,1,2.085697638562417
5837,2,1.5071804923663201
369,0,-0.6797972303686772
2547,0,-0.6797972303686772
2200,0,-0.09368141542186059
4715,0,1.1632808167749986
4361,1,1.574333340386279
1219,0,0.8396743150257442
4536,0,1.1778052344970749
4254,1,7.240903765834791
489,0,0.045444805530603816
3911,1,1.5017531552657797
3119,3,2.512464627778396
2384,0,-0.4340533787873522
259,0,-0.4551910326366433
2215,0,0.8249505242886093
2405,0,-0.19980681459399707
2498,1,-0.4340533787873522
498,1,-0.1910605237995917
2918,11,4.445896445538416
1174,0,0.5403235620057956
2359,11,5.057928384442302
1543,0,0.15188394951749729
1588,0,-0.0943169516850908
2844,87,26.231707456232158
4306,0,1.4928991451485438
5878,6,4.2886684329169835
5602,0,1.4998296180480057
343,1,-0.1991503265858252
271,0,-0.2524812288333127
257,39,20.694905895258636
4343,0,2.104150955048902
2199,0,-0.022610287296528586
5116,1,2.0847827456999646
2397,7,-6.349822635372855
5998,2,1.9873093544699967
2233,2,0.11894833782858338
1085,0,0.24525808645516545
1100,0,0.26252042640770235
1356,0,-0.07134009895715998
1889,0,-0.07216017760800675
3617,1,2.599624170738938
1004,0,0.5277887820272165
977,0,0.26276835538951193
4613,0,1.0856972641735014
5234,5,2.8313989603885457
4619,1,1.0554096189809519
2064,1,0.6493525822410646
3057,1,1.8671030161770483
1395,0,-0.0899211085642011
2036,0,-0.09800795075231239
5360,0,1.8358476417824905
5128,0,2.0823104397968493
4579,2,1.9537431886734176
5048,0,8.499148943253791
1775,0,-0.11147696215167402
2886,3,1.9477614629543267
5697,2,1.9635935732741463
2202,0,-0.09710353376233094
1649,0,0.4088744680056706
3200,0,1.119833274078419
1176,0,0.4942086951460132
1002,0,0.24925098794465406
677,0,0.264060379660914
3080,0,1.1166590847197582
4809,3,8.354489916854517
3116,0,1.1211357742222918
5932,0,1.4782664767442686
2044,0,0.14017133560105277
2193,0,-0.09414933772555756
3572,0,2.1017335425184154
3003,0,1.136172978336071
2921,0,-0.4520697539997043
5477,0,1.4819325007496906
2002,0,0.24105579119431653
1003,2,1.5002499111875478
2759,0,5.9632432953933545
504,58,31.703468356354357
2616,0,-0.435864338204786
5951,0,1.514175945938078
2153,1,1.3461385635434082
5648,0,1.7282107563764324
5369,14,5.3815480163103135
2965,0,-0.4484058554317536
2514,1,-0.5131970012263511
4016,0,1.3989874863583198
4993,0,1.233957885063297
1241,1,-0.0959092843006566
2590,0,0.04734792236280416
2664,0,-0.19933190837531956
3043,0,1.4436814373864886
740,0,0.5384097226345324
1415,0,0.09792502628112842
4420,0,1.4999658043901265
4031,0,1.59231563118438
1623,0,-0.10825821250629142
5208,0,2.048895006277057
4208,0,1.7281129815667047
3647,0,1.825867627275282
2924,1,-0.42980768983854434
5658,5,3.214813021198295
3766,0,1.7940284054667943
198,0,-0.45104258713819556
3164,0,2.1878368847631604
3219,1,1.381093393858464
1242,6,0.6421975613434894
3042,0,1.1210903787749182
4895,1,1.4109064366336197
3876,0,1.8442416914582256
3808,0,1.4958982052733227
4314,0,1.5993110847561383
3842,2,1.5407275587235212
2325,2,6.499215039130499
1552,0,0.006254840920659088
5955,0,1.51055531738003
1403,0,0.1358523155449496
2090,0,0.5204558712188923
5294,1,1.8232311993701238
5946,0,1.514175945938078
4248,0,1.728015206756977
1928,0,-0.0864157146033322
1340,8,10.98667115300409
2823,0,0.2925514902431927
5390,2,2.112361467040712
5825,2,2.287105199277822
806,0,0.5561601777182554
913,2,0.5314368148858186
3236,1,1.620001189941969
872,0,0.2635086503774504
3606,0,1.9498220985952868
4850,0,1.1163448085456333
4158,2,1.7247451404679754
3529,1,7.847978747988931
4923,1,1.3847873535238078
5050,0,1.8644599825403594
5481,2,1.7192015060515207
1070,0,0.26270846075281007
831,1,0.035372083622747574
5937,0,1.7636662710965059
5176,1,1.8421635301636643
5387,0,2.391707269823547
719,4,0.5306132442774816
749,0,0.3028431985098532
5528,5,3.6793100599393096
4114,1,1.5212775247545638
4943,10,7.118407092234996
1114,3,0.24561798563474824
1824,37,10.620235694852502
2152,0,-0.02470493043132649
1842,1,-0.05087639290349211
4924,1,1.4059628875461243
2608,4,2.9976940982751827
2175,1,0.3042850455152246
5749,0,1.8065535065165381
4271,0,1.5104505586553216
1794,1,-0.05087639290349211
1451,0,0.05858349423374554
5788,0,1.8558715611136396
2134,2,5.668749848176735
2519,5,7.0575974672900195
1304,0,0.022534346740325173
3356,1,1.835411147096206
3568,0,1.8361514420841445
5166,3,2.3454965260334237
3046,1,1.6198440518549067
3699,2,1.9106097689750445
525,0,-0.4474673540275207
4286,0,1.470318250137033
251,0,-0.34397522224116495
3612,0,1.8356730439079767
4398,0,1.7703557989291392
2018,0,0.40385007253653127
5634,0,1.724232354076273
5257,0,1.9001494584122813
3584,0,4.721071333920173
5497,2,1.7623323433352205
1647,0,-0.0830325391546225
1848,3,7.069298927864352
368,8,12.533405318585368
2753,0,-0.4510809986705886
2329,1,0.40534463034236934
5328,0,2.092774773676471
3235,0,1.10603518351432
5652,4,2.255651467841605
2713,2,0.5438038874141911
4751,24,16.25256508984002
5972,0,1.51055531738003
4423,0,1.4785702770459226
1216,0,0.261123643411592
2053,0,-0.04398782349391306
3741,0,1.6559700691584505
3410,0,1.8561466944747478
2745,0,-0.18194034688713456
506,0,-0.2027080999090487
3481,1,2.110043338626536
4615,0,1.1246062486082584
3602,1,2.110462373525369
610,3,11.588993581013964
5424,1,1.9339225809026646
1757,0,-0.003163347303583919
4626,1,1.8447686836273283
4813,37,26.68068852318018
3697,1,1.8659644848593002
3841,0,1.9398725917733195
3536,1,4.124097018344125
1912,0,-0.047329095452739445
1796,0,-0.08684173341714585
975,0,0.9889929048549009
793,0,-0.8866711272669536
2401,0,-0.39696066736370694
130,0,-0.2528862959021847
1988,2,6.46581446573601
4502,0,1.1210764109449571
1281,1,0.40471956995160996
3715,1,1.4813982312536784
4205,0,1.5177302273038111
385,0,5.709973154395544
5638,21,8.687659388740604
5268,0,1.8360920788068098
5421,1,1.5175661053017682
4965,2,1.6193900973811708
2209,4,2.876724158392766
4760,1,1.6697716049347027
5988,0,1.5034607224785246
4049,1,1.9811820317932982
2007,0,0.19814600995123932
3417,0,2.2560656910082644
3061,0,1.6483621097605377
3903,1,1.7663056595997872
4029,0,1.961222534138249
5145,0,2.3289199000258005
3950,0,1.9674067908535275
2909,1,6.7511214494970915
462,0,-0.3522106245232546
4061,0,1.4787099553455336
1313,0,-0.06510050228140463
3616,0,1.8331658184299586
5617,0,1.7281199654816852
5143,8,4.573369046184338
2332,0,-0.09347189797244404
4955,0,1.3774762572579053
4154,1,1.5212775247545638
889,0,0.6175462098436659
2184,0,2.1367923855012254
3104,0,1.1566087487298167
1914,0,-0.054423690354244325
2523,0,-0.4551910326366433
360,4,4.295506507433998
95,0,-0.19442973141834008
1711,0,-0.10510064777443029
1992,0,0.39680330232115457
3683,0,1.8362317571064208
3316,0,1.8377013398504598
936,1,2.26109638400837
1668,1,4.548390206996626
1882,0,-0.09760637564093066
3643,0,1.8067701117609634
2422,0,-0.9191531111976272
4240,0,1.4999658043901265
4347,0,1.7240308832605722
5542,0,2.0732897936672954
2330,3,5.994754655585268
1791,1,-0.05087639290349211
2628,2,1.8401604541008445
3703,60,31.74715958583821
584,0,-0.25621709198854004
4915,1,1.3378231249417447
3178,0,1.6080436076418376
4038,0,1.4764541508068154
1196,0,0.27267534259070825
535,0,-0.49330574864300436
3657,0,2.1363727172117244
3900,342,137.14120655950953
652,2,0.5295656570303988
2417,0,-0.4317946136505113
4970,9,3.9094131036550905
3928,0,1.7454688454540275
3012,0,1.1671633421448173
2452,0,-0.45791825143654874
2586,0,-0.2069333684722825
406,8,0.7839252906262093
4494,0,1.7261016140523058
776,0,0.43525040863699616
603,1,1.2459781097493954
5997,1,1.485896707661805
4933,66,59.795001255452085
2364,0,5.469939277678868
5047,0,1.836284136468775
152,0,5.763674205308515
5893,0,1.9776940976198802
1234,0,-0.16378595399663887
3358,0,2.06749347567155
5818,0,1.5592779175675964
3531,0,1.899450004195491
2388,1,-0.19981379850897762
145,0,0.5435734182198328
5184,0,1.8534758783540548
273,0,-0.3700558938185834
878,13,13.217230603348282
5088,0,1.8743999914370715
4126,0,1.4592807038696387
1061,0,0.4982957090643465
2801,1,-0.34816746910888297
3447,0,1.9072545291862575
532,0,-0.4520936663427686
1346,0,-0.09459630828431287
2260,0,0.19857901268003353
4552,9,4.9016798376743065
394,0,-0.49363110829216716
5120,1,2.089297315375524
291,0,-0.6364694769455026
2991,0,0.11048314049806685
2855,0,0.7311059416282966
1939,1,0.16662190800584842
5976,2,2.2266606291547673
1138,0,0.28893685726355534
288,0,-0.44904921077061566
248,0,-0.42031465150058755
4032,0,1.4987140895305044
2394,0,-0.42349529341486125
3126,0,1.2685753299857043
3638,0,1.817412004113221
1155,0,0.5509654543580531
1679,48,33.83640568139353
2353,2,0.07526089198533281
131,0,-0.22450791629616473
2635,1,-0.4279993872179493
1581,26,15.254416355196325
450,1,-0.19473702367748436
1379,0,-0.09128995590038924
2276,1,0.6526350222819239
3149,1,1.7420546889757524
3396,0,1.836298104298736
1191,0,0.29901654445987846
225,1,-0.18483193435567524
1827,7,6.490840901566147
4028,1,2.422730988626955
4317,0,1.5993110847561383
2925,0,-0.4565808317177731
4670,0,1.2417264277604256
3597,0,1.8319610930958135
908,0,0.2637146758693767
3818,0,1.477690303758373
2387,0,6.208116721390271
5560,0,1.987114582876501
5840,0,1.5106286484873257
2274,0,-0.0596307303316137
562,0,-0.41310315168060097
4610,0,1.3678368033719495
5152,2,1.8812461259973992
2362,56,43.282008900746874
5823,0,1.676820851134171
3778,0,1.5109937099457014
2856,0,-0.4657507120872375
5027,1,2.1691671136576156
3088,0,1.1312573649084983
414,0,-0.4263197556651266
2471,0,-0.4526419036687419
4179,1,1.4764541508068154
823,0,0.3342765095604965
5226,0,2.445203072099037
2696,1,-0.20465312023113236
2120,0,-0.07715314545973362
247,0,0.041973799785269605
3591,0,1.9342710453710694
5766,1,3.1102257241453195
1770,1,-0.05087639290349211
2168,4,5.102682630722841
5471,13,3.53490867761583
75,0,-0.18068052825910486
3198,1,2.3625567894287265
5728,6,2.7120645487494306
2717,0,-0.45226128030230184
5107,0,2.0943813207885897
577,0,5.91494673312811
5489,0,1.6701976704938533
4386,0,1.4888420219042109
4665,1,1.6198440518549067
405,0,-0.20449947410156022
436,0,0.033341680869307666
3420,0,2.09640937006448
3535,0,2.5338540807504373
1692,0,0.20999985821921463
1273,0,5.942344717539849
5291,1,2.8659057253899993
3870,1,1.7460289251724905
4927,0,1.3984390285399075
2914,9,9.158610090876609
5290,0,1.8348454499827813
4052,0,1.4858045502470385
2378,0,-0.17589683119020272
4368,28,7.950656001663386
1320,1,1.1367807744613527
2568,0,-0.38058900412927454
1856,5,2.3985633937935855
1919,0,-0.09351030950483707
2614,0,-0.23758577132192404
1345,0,0.15865432373177502
2725,2,0.0330623242700856
2668,2,6.154030323182756
5849,0,1.4822363010513446
3313,0,1.8379632366622305
862,0,0.2632642133531311
5486,1,1.7370403227912368
2298,1,5.799051803575691
5375,0,1.8504977699742176
3981,0,1.5990875994767606
2548,0,0.7727072252880562
3132,0,1.1207027714934976
5948,8,3.4640828216754684
2217,0,-0.09730257533927666
5164,24,5.57133034681805
2969,9,-10.01082014057633
3914,2,8.462584248691801
2238,1,-0.023255768072862004
3399,2,1.582254216276548
5990,0,1.7385558323420165
1570,3,5.99186025124929
1270,0,0.20618639397324134
135,0,-0.17839304943638212
94,0,-0.38408043026018257
4768,1,1.5195462451200097
2813,0,-0.26086701284556835
1054,1,0.74797323340723
1655,0,0.15579843386409653
108,1,-0.17687186535594956
3800,8,3.7238609849596163
4655,0,1.1211078385623696
5954,0,1.6909017902549826
5523,1,1.9808328360442706
960,0,1.2184385588584936
1159,0,0.529681669653538
3819,0,1.477690303758373
5314,0,2.0875303848854445
5388,0,1.8336826281385195
407,0,-0.45195748000064784
3345,0,1.8930513715532857
39,0,-0.23217170026858458
5752,0,2.23597286372919
3786,25,10.452712148707771
151,4,5.138842241387474
4832,0,1.319309525245754
3298,0,2.204431348741684
2057,7,2.8703392660224383
523,0,-0.415803573782519
2714,0,-0.4510914745430594
4144,0,1.608374080963423
5981,0,1.8274966734651095
4524,1,1.9567919142290204
2756,0,1.7820111818761446
4661,9,5.103280318849157
2631,1,6.470751305901464
1653,1,-0.09344396231252183
2178,0,0.00859657787661483
4027,0,1.763631351521603
971,0,0.36021993207705894
5669,0,1.5495371778059144
4591,2,1.3666068563094127
4944,0,1.1205526173214158
4590,1,7.532946204235246
80,5,0.7806288827553889
4991,1,2.3639884919997396
2219,0,0.9364397700870652
2314,1,-0.08993158443667193
5512,0,1.8521778481148874
2420,0,-0.2029560288908583
3028,0,1.1312573649084983
5856,0,1.4854797982004428
3158,1,1.119822798205948
3974,0,1.4889312187208548
209,0,-0.4548872323349893
3851,0,1.4815553693407408
5429,0,1.734903776166556
5341,13,9.813102369197614
3165,1,1.3706016556782883
5628,1,1.4690372330974695
5508,9,3.1426272759593123
5506,3,1.4823494102110524
3053,0,1.3704270578037745
3445,7,9.15634491657361
2555,4,1.0314797048150055
5492,1,1.5477517248096477
313,0,-0.06456176288068716
4142,74,24.807421311671334
5293,0,2.0843252992687384
2720,0,-0.4496393515864723
272,0,-0.37623263525951356
4773,1,1.6272040355256725
245,0,-0.42856857628886424
5779,0,1.5168153344413589
2594,8,12.171232275021255
1812,1,5.833921959714218
2475,0,0.2934545407131548
3008,5,2.3598889339061557
1098,1,0.4988460718277903
4162,2,1.7983675229986806
1616,0,0.9324277956235139
1026,1,0.6029648580830091
3850,1,2.005122664788545
2592,0,-0.6797972303686772
2432,0,0.051335206457331584
1621,2,8.088173030547958
5303,0,1.8358441498250002
344,0,-0.43384036938044535
2936,3,1.2672933990040418
4339,0,1.485811534162019
2695,0,-0.30178425288171695
5097,0,2.272429838968349
3326,0,1.8376105489557126
1673,2,1.7659850225119946
2773,0,-0.14977372476353312
2061,0,-0.09368141542186059
5121,2,3.618032248998235
5925,1,1.459081662292693
4225,0,1.5309451609670344
5828,0,1.4928921612335633
758,1,0.4699675833832089
1828,0,-0.05087639290349211
2542,1,-0.45201335132049225
509,0,-0.341905022808799
2819,0,-0.47014845308751396
4285,1,1.7850491971307685
4341,3,2.2271460112459156
454,0,-0.14561611277794229
782,0,0.5242554524064245
2357,0,-0.45408059015473556
1365,3,2.0455828538366965
278,0,0.5412931699786827
1839,1,0.390360109392228
842,0,0.4895079890047338
3389,1,2.145142673682602
4062,0,1.967361395406154
3863,0,1.4853366279433415
3938,0,1.5137150075493615
227,0,-0.3881235856745542
1631,4,2.587113139550455
2702,7,7.213963393396394
156,0,-0.33370992993848936
309,10,0.04596806779477758
2727,1,0.2919180794174334
979,2,7.831155364125658
2473,0,-0.44763496798705393
2951,1,-1.3175631841138682
3835,0,1.7589359780825102
3128,0,1.2551857984479677
3350,2,2.688653088825248
4607,0,1.1359110815243003
305,0,-0.41554516892823856
1830,0,-0.05087639290349211
2365,0,-0.4606140426190417
1575,0,0.1552397206656524
5835,0,1.4964394586843155
5318,3,2.3523028825413395
3972,0,2.2242057830391033
4478,0,1.5353898914927875
3854,2,1.7602181149755003
5756,0,1.5071023027815147
1590,0,-0.08326999226396126
5181,0,2.0626297102469637
1238,1,0.19681208218995394
3063,0,1.6349645315890848
2368,0,-0.18430381361399206
356,0,-0.4528723728631001
5194,0,1.8847310995726945
167,0,-0.46539240698575823
5683,2,11.545002684673358
5009,0,1.8468631735862076
1845,5,2.4046294553135628
707,3,4.018378779642221
4217,0,1.4928991451485438
4010,0,1.4779591844851243
4882,1,1.4272187365907172
2896,6,3.2716979650153473
5261,0,1.834272768954376
4239,0,1.4786436081532184
5237,0,1.8859672525242521
3333,1,2.703631992380428
3946,0,1.7277323582002646
4308,0,1.7281339333116463
1254,0,-0.09028078018569952
1934,0,0.15598001565359088
4802,0,1.5822844428201166
682,13,1.5030335326666648
1016,0,1.0084492568300663
5460,175,68.68896829183039
283,0,-0.45156288880424666
1269,4,11.326990784442083
4326,5,3.520086380788344
2708,0,5.183374443036217
4209,1,2.2270936318835615
4700,1,1.3705492763159342
1071,0,0.26414069468319035
3252,1,1.1489309969274357
4330,0,1.4978147585761166
2864,0,-0.4445816306205339
5475,0,1.538720687579143
4792,0,1.3764748434841563
28,0,-0.4556345112379083
4108,1,1.4821874136464808
4096,0,1.4787099553455336
3243,0,1.1187542592139237
1181,0,0.2625134424927218
2877,0,-0.2128807034375899
803,6,1.781682310471464
3968,0,1.466715081366436
2796,7,3.994069518848942
3748,1,1.4857905824170774
5934,0,1.5425089300967243
357,0,-0.3599617074329313
799,40,25.500442703204968
2196,0,-0.04744136945179589
5013,0,2.706235929949438
3360,0,1.8822244054540436
5798,0,1.7275368085808092
1044,0,0.2579564379679118
5148,2,1.8743790396921298
2723,0,-0.4450863703785204
5742,0,2.0060270817785266
4204,0,1.9444981260626069
674,0,0.5190677129612027
1396,0,-0.04257062011222912
3125,0,1.1414716443688389
1040,1,0.26079274261066754
3524,0,1.8398104821745864
5926,11,3.962575129303053
783,0,0.5020393150520057
4194,0,1.8988506501471543
5590,1,1.7913675147506964
3181,0,1.1566087487298167
5115,1,1.84274319510705
2285,0,5.83106606984654
3751,0,1.5105483334650494
41,3,6.003568820304349
3058,2,1.6200710290917746
3789,2,1.9684019987382562
3392,0,1.8243800533844245
1894,8,11.301065150289501
184,0,-0.27559882257959023
4054,0,1.7282002805039616
1836,0,-0.05087639290349211
4934,0,1.1113967047819124
4623,0,1.1208773693680114
879,0,0.26336198816285883
1169,0,0.5261343722027854
402,1,5.118850793936923
819,0,0.5248020956542945
1180,2,0.7571431137766944
967,1,0.23906008946801016
656,0,0.24151281014620274
5188,0,1.8359274254453997
4424,2,1.967015160255249
5714,2,1.9954305848736427
5521,0,1.474798431597057
2038,3,1.3954280748780197
3103,2,1.6149099159211469
3688,0,2.377277134953708
5518,0,1.5530181280643514
132,0,-0.2528862959021847
5539,0,1.4768836615781193
4979,1,1.8993013125846545
644,1,5.094072222660866
892,0,0.4742124371713654
3539,5,3.330799176963602
2772,0,-0.1519250172441351
1672,0,-0.0945334530494879
1901,0,-0.09346491405746349
5886,0,1.728168852886549
5603,0,1.492913112978505
2892,0,-0.44818320531302724
359,0,-0.435864338204786
4910,1,1.651867503721407
3174,0,1.1424020991393555
4498,0,1.1592306774456462
4228,0,1.510569285209991
2677,0,-0.4297727702636416
72,0,-0.46257454860599045
1103,13,3.3408612505193407
3215,0,1.3688242493157379
3843,7,4.266322503469852
2116,2,2.158751712079466
5163,0,1.8429685782658147
3051,46,24.934256247071183
5030,2,2.0767058480249565
650,1,0.5502907285364698
3823,0,1.4491260914879165
2537,2,-0.1988046227942879
4421,11,4.48684969804328
4679,1,1.3664636860523114
3794,2,2.212729844206038
5685,1,1.9767442851825252
5060,0,2.5062049889005173
2629,0,-0.19218764804299093
2341,0,0.15634052243574104
3054,0,1.4723007620593376
1883,1,-0.09373781810107262
2059,0,0.009064500180311796
5168,2,2.61643902788186
4838,5,2.1267533435540766
1591,0,-0.08326999226396126
4745,1,1.371928068165225
5514,0,1.792016715042604
3565,0,1.81570117250107
1410,0,-0.23406266120717634
3589,2,2.5846398773468806
4592,2,1.6475380077928325
4680,0,3.610196980925342
5870,0,7.402903358334916
4263,1,1.571031846479865
1513,302,147.9431064576136
3575,0,1.8361095385942612
447,0,0.533069610089083
3626,1,2.08535542672837
1221,0,0.2665531059496038
3229,0,1.6499539110167358
3528,13,6.594266962582868
5783,1,1.661600471152794
1522,0,-0.09366395563440921
5193,1,2.155931474916043
4763,0,1.2318186816417773
1708,0,0.19680238434344277
216,1,3.3231493209462313
2071,0,0.05803176495028195
2502,1,-0.26663899101891
4328,22,7.657370778804047
5936,0,1.514175945938078
4258,0,1.4786051966208253
199,0,-0.4551910326366433
468,0,0.28298428563728883
403,1,0.03585589026230629
4112,1,1.7940632487984978
2992,0,-0.45461835160823805
1686,0,0.4706003589695724
2195,0,0.41182464072558567
569,1,-0.18036276012748975
4383,1,1.9776940976198802
2331,0,-0.11423993568713398
5717,0,1.5035480214157815
3321,0,1.8743790396921298
2975,0,-0.20202018428346435
2092,0,-0.08988269703180807
5039,0,1.84337523941279
5079,0,1.8242908565677807
5727,0,1.8639256282728267
4116,1,2.005122664788545
5894,6,3.9804991957857547
839,0,0.2842721334159144
4880,1,1.6767090617491451
479,0,-0.23464554311511177
3619,1,2.0854427256656267
4367,0,1.7018928783562677
524,0,-0.4202762399681945
4736,0,1.1312573649084983
2575,0,-0.22024174982709144
480,1,-0.19811321521121328
4644,1,1.1190475836431069
3337,0,1.8408368901186432
2406,0,0.8065725328300353
4078,2,1.9777827630771565
2010,0,0.40251910537336855
1417,0,-0.0936080843145648
1714,13,12.802007696018077
4226,5,15.22259118736263
4459,0,1.5353898914927875
2803,1,0.2940027780391281
1426,0,6.088357428038244
1805,0,-0.09456138870941011
717,0,0.7771638725884653
2446,0,-0.39973275025161814
4293,0,1.4963800954069808
104,1,-0.4134542453090153
2766,1,5.698199791573238
5830,1,1.7460289251724905
528,1,-0.5037284828340258
4006,1,1.9950150419322998
2230,1,5.823184721790987
2558,0,-0.39832549138303697
4024,1,1.8734020228754753
5196,0,1.8599000174174263
3357,0,2.079217874845793
1537,0,-0.07567308684322427
5351,3,3.0836065598337754
2774,1,-0.1701119670141431
5068,1,2.056030271526317
4092,1,1.7282002805039616
4218,2,2.4838580082955177
1141,0,0.26108523187919896
3188,0,1.1207621347708323
533,0,-0.4229784837063004
4899,0,1.1205700771088671
3284,0,2.077203546733272
5240,0,1.854414683559571
502,0,-0.4302441845248288
3999,0,1.4889312187208548
3909,0,1.486401143618508
5265,0,1.834272768954376
1175,0,0.5119451823997752
2242,4,3.861865647919025
2931,0,-0.45419582475191467
5127,1,1.8342518172094344
3004,0,1.15300557995922
60,1,-0.10974421995587447
476,0,-0.45108449062807887
5789,0,1.4998435858779668
2186,0,0.1506966839708035
2363,0,-0.14959912688901933
3256,0,1.6197183413852567
2302,0,-0.0906020402748049
141,0,-0.2067714290424021
5017,1,2.1779762596868455
2609,1,-0.22257035411373782
4647,0,1.1415186338943157
2518,1,-0.5202915961278562
3996,2,1.97398859936333
813,0,0.4419058520553776
4121,1,1.5212775247545638
4696,4,8.188137979973003
5287,0,1.836308580171207
4825,118,53.952833949915664
5331,2,2.0891995405657964
2832,6,2.7371971231074053
4669,0,1.3708246095982979
1052,0,0.7225137513901116
1808,0,0.5919196926612385
4887,0,1.071950945369189
3427,1,1.8573618956813638
1324,1,0.6791221274482329
5746,0,2.2624293573302303
418,3,0.7881470672319528
168,0,-0.4523974666444226
1496,3,1.1399769782836904
240,0,-0.20248112267218077
1880,28,7.887843444644503
1412,0,-0.09354872103723011
336,0,-0.3480608125047877
1968,1,0.17709269444108244
4889,51,38.53443651385339
3048,0,1.3682271245849007
1666,0,6.315132569722428
4097,0,2.34313747207658
772,0,0.2631350109259909
5574,0,1.8544231767811348
3762,0,1.8085414930472403
1404,0,6.010801052179217
2782,0,-0.452655871498703
125,0,-0.2706227831559471
3886,0,1.49636961953451
1113,0,0.4860246095075418
4662,0,1.1685405399160054
614,0,0.6508100846451739
1840,0,-0.08718394525119288
1056,0,0.25816246345983807
5061,17,5.634955786413463
2908,0,-0.43273045825790524
3208,1,1.3698962802652526
963,4,5.011050523595618
5160,0,2.184173668179942
1137,5,7.3501727190013675
2411,1,0.34271216931418547
2166,1,0.40552970408935396
5059,0,1.8357358991428017
5684,1,1.4785912287908642
5850,0,1.7480531406634237
5154,0,1.8743790396921298
4427,0,1.7882300857116338
300,1,4.94261959546748
4301,0,2.1015878582510394
1076,0,0.2628277186668466
1586,0,-0.05845986185363561
3834,4,2.512236387901538
5593,0,1.4644648942226794
3888,0,1.8275176252100511
2155,0,0.06328600407421825
2709,1,-0.44926571213501276
866,0,0.2641302188107195
5285,0,3.844409781753204
1267,5,6.802271764631675
3726,2,8.427111274184277
4757,0,1.1778052344970749
4596,1,1.1171165311509843
2208,1,0.10223423520201957
4377,0,1.4888420219042109
4878,22,6.3454733604622255
2054,6,1.146252025893716
5657,0,1.4756504692246843
4098,0,1.482152494071578
942,0,0.26399752442608904
3368,0,1.8397685786847031
3441,0,2.2109462786998035
3905,0,2.2537714281918166
4798,1,1.6193546464469004
3408,0,1.8363015962562264
5482,2,1.4819325007496906
5012,0,2.147485245799209
4188,1,1.7335069931704457
1519,0,-0.11092174091072016
1641,15,10.100250920231636
4095,4,1.735387032820233
2781,0,-0.17831273441410578
3517,0,1.835802246335117
4604,0,1.2945058473910414
2985,0,-0.4510216353932539
1117,10,2.0081420370195886
1837,1,-0.05087639290349211
5443,100,28.929576214780603
5139,0,1.839373987488302
3856,0,1.507056907334141
1188,4,14.83236780807353
53,1,-0.20232398458511835
